[
    {
        "id": "5d631fe7cdf8e7c7",
        "type": "tab",
        "label": "BHI Oxygen Checklist",
        "disabled": false,
        "info": "",
        "env": []
    },
    {
        "id": "19bf9148220907d9",
        "type": "case-start",
        "z": "5d631fe7cdf8e7c7",
        "name": "Daily visual inspection",
        "includename": "",
        "includeidentifier": "",
        "program": "",
        "expression": "",
        "x": 140,
        "y": 40,
        "wires": [
            [
                "6f17a644c1e7d9ae"
            ]
        ]
    },
    {
        "id": "6f17a644c1e7d9ae",
        "type": "question-select",
        "z": "5d631fe7cdf8e7c7",
        "name": "",
        "label": "Remove any combustile materials in or near plant",
        "scope": "encounter",
        "key": "",
        "behavior": "single",
        "devices": [
            {
                "sid": "Done"
            },
            {
                "sid": "Not done"
            },
            {
                "sid": "Not answered"
            }
        ],
        "x": 160,
        "y": 80,
        "wires": [
            [
                "6be0b3e5f60cdf69"
            ]
        ]
    },
    {
        "id": "d8b1016e171f241e",
        "type": "case-end",
        "z": "5d631fe7cdf8e7c7",
        "name": "",
        "x": 280,
        "y": 520,
        "wires": []
    },
    {
        "id": "5a932d8a1eeb35f6",
        "type": "case-start",
        "z": "5d631fe7cdf8e7c7",
        "name": "Daily data collection",
        "includename": "",
        "includeidentifier": "",
        "program": "",
        "expression": "",
        "x": 550,
        "y": 80,
        "wires": [
            [
                "a922214fb741c1c3"
            ]
        ]
    },
    {
        "id": "e16fefa90ca26131",
        "type": "case-end",
        "z": "5d631fe7cdf8e7c7",
        "name": "",
        "x": 640,
        "y": 240,
        "wires": []
    },
    {
        "id": "45998d70a3694c3e",
        "type": "question-primitive",
        "z": "5d631fe7cdf8e7c7",
        "name": "dewpoint",
        "label": "Pressure Dew Point Temperatur (deg C)",
        "scope": "encounter",
        "key": "dewpoint",
        "datatype": "integer",
        "optional": true,
        "x": 580,
        "y": 200,
        "wires": [
            [
                "e16fefa90ca26131"
            ]
        ]
    },
    {
        "id": "6be0b3e5f60cdf69",
        "type": "question-select",
        "z": "5d631fe7cdf8e7c7",
        "name": "",
        "label": "Ensure that filters/covers are in place",
        "scope": "encounter",
        "key": "",
        "behavior": "single",
        "devices": [
            {
                "sid": "Done"
            },
            {
                "sid": "Not done"
            },
            {
                "sid": "Not answered"
            }
        ],
        "x": 160,
        "y": 120,
        "wires": [
            [
                "16b7fab950aa0a89"
            ]
        ]
    },
    {
        "id": "16b7fab950aa0a89",
        "type": "question-select",
        "z": "5d631fe7cdf8e7c7",
        "name": "",
        "label": "Are all ventilation systems working?",
        "scope": "encounter",
        "key": "",
        "behavior": "single",
        "devices": [
            {
                "sid": "Yes"
            },
            {
                "sid": "No"
            },
            {
                "sid": "Not answered"
            }
        ],
        "x": 200,
        "y": 160,
        "wires": [
            [
                "7a5cec5a5539b893"
            ]
        ]
    },
    {
        "id": "7a5cec5a5539b893",
        "type": "question-select",
        "z": "5d631fe7cdf8e7c7",
        "name": "",
        "label": "Empty condensate container (if equipped)",
        "scope": "encounter",
        "key": "",
        "behavior": "single",
        "devices": [
            {
                "sid": "Done"
            },
            {
                "sid": "Not done"
            },
            {
                "sid": "Not answered"
            }
        ],
        "x": 160,
        "y": 200,
        "wires": [
            [
                "4a93740eca1e52e1"
            ]
        ]
    },
    {
        "id": "4a93740eca1e52e1",
        "type": "question-select",
        "z": "5d631fe7cdf8e7c7",
        "name": "",
        "label": "Is the air dryer condensate draining correctly?",
        "scope": "encounter",
        "key": "",
        "behavior": "single",
        "devices": [
            {
                "sid": "Yes"
            },
            {
                "sid": "No"
            },
            {
                "sid": "Not answered"
            }
        ],
        "x": 200,
        "y": 240,
        "wires": [
            [
                "9a00b1080704e39b"
            ]
        ]
    },
    {
        "id": "9a00b1080704e39b",
        "type": "question-select",
        "z": "5d631fe7cdf8e7c7",
        "name": "",
        "label": "Is the compressor condensate draining correctly?",
        "scope": "encounter",
        "key": "",
        "behavior": "single",
        "devices": [
            {
                "sid": "Yes"
            },
            {
                "sid": "No"
            },
            {
                "sid": "Not answered"
            }
        ],
        "x": 200,
        "y": 280,
        "wires": [
            [
                "57a953f908fbabde"
            ]
        ]
    },
    {
        "id": "57a953f908fbabde",
        "type": "question-select",
        "z": "5d631fe7cdf8e7c7",
        "name": "",
        "label": "Is the air dryer condensate draining correctly?",
        "scope": "encounter",
        "key": "",
        "behavior": "single",
        "devices": [
            {
                "sid": "Yes"
            },
            {
                "sid": "No"
            },
            {
                "sid": "Not answered"
            }
        ],
        "x": 200,
        "y": 320,
        "wires": [
            [
                "fb0d3bdea426be9e"
            ]
        ]
    },
    {
        "id": "fb0d3bdea426be9e",
        "type": "question-select",
        "z": "5d631fe7cdf8e7c7",
        "name": "",
        "label": "Are the in-line filters condensates draining correctly?",
        "scope": "encounter",
        "key": "",
        "behavior": "single",
        "devices": [
            {
                "sid": "Yes"
            },
            {
                "sid": "No"
            },
            {
                "sid": "Not answered"
            }
        ],
        "x": 200,
        "y": 360,
        "wires": [
            [
                "8be47dda28bf2c22"
            ]
        ]
    },
    {
        "id": "8be47dda28bf2c22",
        "type": "question-select",
        "z": "5d631fe7cdf8e7c7",
        "name": "",
        "label": "Is the compressor oil level acceptable?",
        "scope": "encounter",
        "key": "",
        "behavior": "single",
        "devices": [
            {
                "sid": "Yes"
            },
            {
                "sid": "No"
            },
            {
                "sid": "Not answered"
            }
        ],
        "x": 200,
        "y": 400,
        "wires": [
            [
                "6d43b67a26c9dac8"
            ]
        ]
    },
    {
        "id": "6d43b67a26c9dac8",
        "type": "question-select",
        "z": "5d631fe7cdf8e7c7",
        "name": "",
        "label": "Sweep/Mop floor and dust surfaces",
        "scope": "encounter",
        "key": "",
        "behavior": "single",
        "devices": [
            {
                "sid": "Done"
            },
            {
                "sid": "Not done"
            },
            {
                "sid": "Not answered"
            }
        ],
        "x": 180,
        "y": 440,
        "wires": [
            [
                "b73ab6e20e44d754"
            ]
        ]
    },
    {
        "id": "b73ab6e20e44d754",
        "type": "question-select",
        "z": "5d631fe7cdf8e7c7",
        "name": "",
        "label": "Are there any oil leaks at the bottom of the compressor?",
        "scope": "encounter",
        "key": "",
        "behavior": "single",
        "devices": [
            {
                "sid": "Yes"
            },
            {
                "sid": "No"
            },
            {
                "sid": "Not answered"
            }
        ],
        "x": 200,
        "y": 480,
        "wires": [
            [
                "d8b1016e171f241e"
            ]
        ]
    },
    {
        "id": "72f3c2735828bd61",
        "type": "http response",
        "z": "5d631fe7cdf8e7c7",
        "name": "",
        "statusCode": "",
        "headers": {},
        "x": 630,
        "y": 340,
        "wires": []
    },
    {
        "id": "687405a06cb4dbb0",
        "type": "question-primitive",
        "z": "5d631fe7cdf8e7c7",
        "name": "purity",
        "label": "Oxygen Purity (%)",
        "scope": "encounter",
        "key": "purity",
        "datatype": "integer",
        "optional": true,
        "x": 570,
        "y": 160,
        "wires": [
            [
                "45998d70a3694c3e"
            ]
        ]
    },
    {
        "id": "a922214fb741c1c3",
        "type": "question-select",
        "z": "5d631fe7cdf8e7c7",
        "name": "location",
        "label": "Country & facility",
        "scope": "encounter",
        "key": "location",
        "behavior": "single",
        "devices": [
            {
                "sid": "Malawi - Partners in Hope"
            },
            {
                "sid": "Malawi - Neno District Hospital"
            },
            {
                "sid": "Malawi - Neno Parish"
            }
        ],
        "x": 580,
        "y": 120,
        "wires": [
            [
                "687405a06cb4dbb0"
            ]
        ]
    }
]