[
    {
        "id": "854eb41fd550294f",
        "type": "tab",
        "label": "Cardiology - New-born oximetry screening",
        "disabled": false,
        "info": "",
        "env": []
    },
    {
        "id": "f5365baa483edb1d",
        "type": "case-start",
        "z": "854eb41fd550294f",
        "name": "",
        "includename": "",
        "includeidentifier": "",
        "program": "",
        "expression": "",
        "x": 160,
        "y": 60,
        "wires": [
            [
                "57a953eed667a1c6"
            ]
        ]
    },
    {
        "id": "57a953eed667a1c6",
        "type": "question-primitive",
        "z": "854eb41fd550294f",
        "name": "Pulse oximetry of RH",
        "label": "",
        "scope": "demographic",
        "key": "rh",
        "datatype": "integer",
        "optional": "",
        "x": 220,
        "y": 120,
        "wires": [
            [
                "a2d139d34a210696"
            ]
        ]
    },
    {
        "id": "a2d139d34a210696",
        "type": "question-primitive",
        "z": "854eb41fd550294f",
        "name": "Pulse oximetry of 1 foot",
        "label": "",
        "scope": "demographic",
        "key": "foot",
        "datatype": "integer",
        "optional": "",
        "x": 450,
        "y": 120,
        "wires": [
            [
                "dbba6011d99056eb"
            ]
        ]
    },
    {
        "id": "dbba6011d99056eb",
        "type": "function",
        "z": "854eb41fd550294f",
        "name": "function 1",
        "func": "var rh = parseInt(currentPatient.rh);\nvar foot = parseInt(currentPatient.foot);\n\nvar diff = 100 * Math.abs((rh - foot) / ((rh + foot) / 2));\ncurrentPatient['diff'] = diff;\ncurrentPatient['result'] = 'UNKNOWN';\n\nif (rh <= 89 || foot <= 89) {\n    currentPatient['xa'] = '1';\n    currentPatient['result'] = 'FAIL';\n} else {\n    if ((rh >= 90 && rh <= 94) || (foot >= 90 && foot <= 94)) {\n        currentPatient['xb'] = '2';\n        currentPatient['result'] = 'RETEST';\n    } else {\n        if (diff >= 4) {\n            currentPatient['xc'] = '3';\n            currentPatient['result'] = 'RETEST';\n        } else {\n            if (rh >= 95 && foot >= 95 && diff <= 2) {\n                currentPatient['xd'] = '4';\n                currentPatient['result'] = 'PASS';\n            }\n        }\n    }\n}\n\nupdateCurrentPatient(currentPatient);\n",
        "outputs": 1,
        "noerr": 1,
        "initialize": "",
        "finalize": "",
        "libs": [],
        "x": 200,
        "y": 200,
        "wires": [
            [
                "251dfaed53089611"
            ]
        ]
    },
    {
        "id": "251dfaed53089611",
        "type": "switch",
        "z": "854eb41fd550294f",
        "name": "",
        "property": "payload",
        "propertyType": "msg",
        "rules": [
            {
                "t": "eq",
                "v": "currentPatient.result=='FAIL'",
                "vt": "jsonata"
            },
            {
                "t": "eq",
                "v": "currentPatient.result=='RETEST'",
                "vt": "jsonata"
            },
            {
                "t": "eq",
                "v": "currentPatient.result=='PASS'",
                "vt": "jsonata"
            },
            {
                "t": "eq",
                "v": "currentPatient.result=='UNKNOWN'",
                "vt": "jsonata"
            }
        ],
        "checkall": "true",
        "repair": false,
        "outputs": 4,
        "x": 350,
        "y": 200,
        "wires": [
            [
                "6f861f483127e78e"
            ],
            [
                "c33189cbb8863667"
            ],
            [
                "4d4ffd4ecccd86ff"
            ],
            [
                "4056c2ad58c0dc3d"
            ]
        ]
    },
    {
        "id": "8b7d6eb608c4ba56",
        "type": "case-end",
        "z": "854eb41fd550294f",
        "name": "",
        "x": 800,
        "y": 400,
        "wires": []
    },
    {
        "id": "6f861f483127e78e",
        "type": "summary",
        "z": "854eb41fd550294f",
        "name": "",
        "x": 520,
        "y": 160,
        "wires": [
            [
                "8b7d6eb608c4ba56"
            ]
        ],
        "info": "<h1>Measurement 1 FAILED</h1>\n<h3>Action: Do not repeat pulse oximetry screening, refer for immediate assessment</h3>"
    },
    {
        "id": "c33189cbb8863667",
        "type": "summary",
        "z": "854eb41fd550294f",
        "name": "",
        "x": 520,
        "y": 280,
        "wires": [
            [
                "9e10e931791db17f"
            ]
        ],
        "info": "<h1>Measurement 1 RETEST</h1>\n<h3>Action: Repeat pulse oximetry measurements in 1 hour</h3>"
    },
    {
        "id": "4d4ffd4ecccd86ff",
        "type": "summary",
        "z": "854eb41fd550294f",
        "name": "",
        "x": 520,
        "y": 200,
        "wires": [
            [
                "8b7d6eb608c4ba56"
            ]
        ],
        "info": "<h1>Measurement 1 PASS</h1>\n<h3>Action: Do not repeat pulse oximetry screening, provide normal newborn care</h3>"
    },
    {
        "id": "4056c2ad58c0dc3d",
        "type": "summary",
        "z": "854eb41fd550294f",
        "name": "",
        "x": 520,
        "y": 240,
        "wires": [
            [
                "8b7d6eb608c4ba56"
            ]
        ],
        "info": "<h1>Measurement 1 with UNKNOWN result</h1>\n<h3>Action: Check input variables</h3>"
    },
    {
        "id": "9e10e931791db17f",
        "type": "question-primitive",
        "z": "854eb41fd550294f",
        "name": "Pulse oximetry of RH #2",
        "label": "",
        "scope": "demographic",
        "key": "rh2",
        "datatype": "integer",
        "optional": "",
        "x": 230,
        "y": 340,
        "wires": [
            [
                "82fae0fbd9a5d1ec"
            ]
        ]
    },
    {
        "id": "82fae0fbd9a5d1ec",
        "type": "question-primitive",
        "z": "854eb41fd550294f",
        "name": "Pulse oximetry of 1 foot #2",
        "label": "",
        "scope": "demographic",
        "key": "foot2",
        "datatype": "integer",
        "optional": "",
        "x": 480,
        "y": 340,
        "wires": [
            [
                "e0515aa9474f56a0"
            ]
        ]
    },
    {
        "id": "e0515aa9474f56a0",
        "type": "function",
        "z": "854eb41fd550294f",
        "name": "function 2",
        "func": "var rh2 = parseInt(currentPatient.rh2);\nvar foot2 = parseInt(currentPatient.foot2);\n\nvar diff2 = 100 * Math.abs((rh2 - foot2) / ((rh2 + foot2) / 2));\ncurrentPatient['diff2'] = diff2;\ncurrentPatient['result2'] = 'UNKNOWN';\n\n    if (rh2 <= 94 || foot2 <= 94) {\n        currentPatient['result2'] = 'FAIL';\n    } else {\n        if (diff2 >= 4) {\n            currentPatient['result2'] = 'FAIL';\n        } else {\n            if (rh2 >= 95 && foot2 >= 95 && diff2 <= 2) {\n                currentPatient['result2'] = 'PASS';\n            }\n        }\n    }\n\n\nupdateCurrentPatient(currentPatient);\n",
        "outputs": 1,
        "noerr": 1,
        "initialize": "",
        "finalize": "",
        "libs": [],
        "x": 200,
        "y": 440,
        "wires": [
            [
                "6bd3879d8c362146"
            ]
        ]
    },
    {
        "id": "6bd3879d8c362146",
        "type": "switch",
        "z": "854eb41fd550294f",
        "name": "",
        "property": "payload",
        "propertyType": "msg",
        "rules": [
            {
                "t": "eq",
                "v": "currentPatient.result2=='FAIL'",
                "vt": "jsonata"
            },
            {
                "t": "eq",
                "v": "currentPatient.result2=='PASS'",
                "vt": "jsonata"
            },
            {
                "t": "eq",
                "v": "currentPatient.result2=='UNKNOWN'",
                "vt": "jsonata"
            }
        ],
        "checkall": "true",
        "repair": false,
        "outputs": 3,
        "x": 350,
        "y": 440,
        "wires": [
            [
                "544e1f4c62f471a6"
            ],
            [
                "56c0544fe2a86ffa"
            ],
            [
                "754ccd405af75323"
            ]
        ]
    },
    {
        "id": "56c0544fe2a86ffa",
        "type": "summary",
        "z": "854eb41fd550294f",
        "name": "",
        "x": 520,
        "y": 440,
        "wires": [
            [
                "8b7d6eb608c4ba56"
            ]
        ],
        "info": "<h1>Measurement 2 PASS</h1>\n<h3>Action: Do not repeat pulse oximetry screening, provide normal newborn care</h3>"
    },
    {
        "id": "544e1f4c62f471a6",
        "type": "summary",
        "z": "854eb41fd550294f",
        "name": "",
        "x": 520,
        "y": 400,
        "wires": [
            [
                "8b7d6eb608c4ba56"
            ]
        ],
        "info": "<h1>Measurement 2 FAILED</h1>\n<h3>Action: Do not repeat pulse oximetry screening, refer for immediate assessment</h3>"
    },
    {
        "id": "754ccd405af75323",
        "type": "summary",
        "z": "854eb41fd550294f",
        "name": "",
        "x": 520,
        "y": 480,
        "wires": [
            [
                "8b7d6eb608c4ba56"
            ]
        ],
        "info": "<h1>Measurement 2 with UNKNOWN result</h1>\n<h3>Action: Check input variables</h3>"
    }
]