[
    {
        "id": "efb40176baf7f7da",
        "type": "tab",
        "label": "HIV ascertainment of HIV exposure / infection in children under 24 months",
        "disabled": false,
        "info": "",
        "env": []
    },
    {
        "id": "ebd63b9d14137885",
        "type": "case-start",
        "z": "efb40176baf7f7da",
        "name": "Mother with child under 24 months",
        "includename": "",
        "includeidentifier": "",
        "program": "",
        "expression": "",
        "x": 140,
        "y": 180,
        "wires": [
            [
                "60f83c662ce3fbdf"
            ]
        ]
    },
    {
        "id": "60f83c662ce3fbdf",
        "type": "switch-manual",
        "z": "efb40176baf7f7da",
        "name": "Mother last test",
        "property": "payload",
        "propertyType": "msg",
        "rules": [
            {
                "t": "eq",
                "v": "Mother never tested / negative before delivery",
                "vt": "str"
            },
            {
                "t": "eq",
                "v": "Mother last positive (any time)",
                "vt": "str"
            },
            {
                "t": "eq",
                "v": "Mother tested neative at / after delivery",
                "vt": "str"
            }
        ],
        "checkall": "true",
        "repair": false,
        "outputs": 3,
        "x": 220,
        "y": 240,
        "wires": [
            [
                "1102bea819991ab5"
            ],
            [
                "f62d525372738815"
            ],
            [
                "3d12f1490d54f79c"
            ]
        ]
    },
    {
        "id": "021eabe05b363040",
        "type": "case-end",
        "z": "efb40176baf7f7da",
        "name": "",
        "x": 1160,
        "y": 100,
        "wires": []
    },
    {
        "id": "1102bea819991ab5",
        "type": "summary",
        "z": "efb40176baf7f7da",
        "name": "Rapid test (serial) for mother",
        "x": 460,
        "y": 100,
        "wires": [
            [
                "f62d525372738815"
            ]
        ],
        "info": "<h1> Rapid test (serial) for mother</h1>"
    },
    {
        "id": "f62d525372738815",
        "type": "switch-manual",
        "z": "efb40176baf7f7da",
        "name": "Mother test status",
        "property": "payload",
        "propertyType": "msg",
        "rules": [
            {
                "t": "eq",
                "v": "Mother Negative",
                "vt": "str"
            },
            {
                "t": "eq",
                "v": "Mother Positive",
                "vt": "str"
            }
        ],
        "checkall": "true",
        "repair": false,
        "outputs": 2,
        "x": 710,
        "y": 120,
        "wires": [
            [
                "9be6220aeae6653f"
            ],
            [
                "d182f07a123e3ac0"
            ]
        ]
    },
    {
        "id": "9be6220aeae6653f",
        "type": "summary",
        "z": "efb40176baf7f7da",
        "name": "Continue regular U5 visit",
        "x": 950,
        "y": 100,
        "wires": [
            [
                "021eabe05b363040"
            ]
        ],
        "info": "<h1>Continue regular U5 visit</h1>"
    },
    {
        "id": "d182f07a123e3ac0",
        "type": "switch-manual",
        "z": "efb40176baf7f7da",
        "name": "Recent",
        "property": "payload",
        "propertyType": "msg",
        "rules": [
            {
                "t": "eq",
                "v": "12 months +",
                "vt": "str"
            },
            {
                "t": "eq",
                "v": "Under 12 months",
                "vt": "str"
            }
        ],
        "checkall": "true",
        "repair": false,
        "outputs": 2,
        "x": 900,
        "y": 180,
        "wires": [
            [
                "7256956e0c44fbb1"
            ],
            [
                "27a13769faa55324"
            ]
        ]
    },
    {
        "id": "7256956e0c44fbb1",
        "type": "summary",
        "z": "efb40176baf7f7da",
        "name": "New rapid test for child immediately",
        "x": 1150,
        "y": 140,
        "wires": [
            [
                "e01866a4fa99af14"
            ]
        ],
        "info": "<h1>New rapid test for child immediately</h1>"
    },
    {
        "id": "e01866a4fa99af14",
        "type": "switch-manual",
        "z": "efb40176baf7f7da",
        "name": "Child status",
        "property": "payload",
        "propertyType": "msg",
        "rules": [
            {
                "t": "eq",
                "v": "Child Positive",
                "vt": "str"
            },
            {
                "t": "eq",
                "v": "Child Negative",
                "vt": "str"
            }
        ],
        "checkall": "true",
        "repair": false,
        "outputs": 2,
        "x": 1410,
        "y": 140,
        "wires": [
            [
                "ab531c90ab8351f9"
            ],
            [
                "7ff24bb394a3979e"
            ]
        ]
    },
    {
        "id": "ab531c90ab8351f9",
        "type": "summary",
        "z": "efb40176baf7f7da",
        "name": "Confirmatory DNA-PCR",
        "x": 1630,
        "y": 120,
        "wires": [
            [
                "b65d346e234e75fa"
            ]
        ],
        "info": "<h1>Confirmatory DNA-PCR</h1>"
    },
    {
        "id": "b65d346e234e75fa",
        "type": "summary",
        "z": "efb40176baf7f7da",
        "name": "Start ART without delay",
        "x": 1890,
        "y": 120,
        "wires": [
            [
                "1586eac888d71f72"
            ]
        ],
        "info": "<h1>Start ART without delay</h1>"
    },
    {
        "id": "1586eac888d71f72",
        "type": "summary",
        "z": "efb40176baf7f7da",
        "name": "No scheduled fup testing",
        "x": 2150,
        "y": 120,
        "wires": [
            [
                "c50f44b94d51c49f"
            ]
        ],
        "info": "<h1>No scheduled fup testing</h1>"
    },
    {
        "id": "c50f44b94d51c49f",
        "type": "case-end",
        "z": "efb40176baf7f7da",
        "name": "",
        "x": 2360,
        "y": 120,
        "wires": []
    },
    {
        "id": "7ff24bb394a3979e",
        "type": "summary",
        "z": "efb40176baf7f7da",
        "name": "Enroll child in HCC",
        "x": 1610,
        "y": 160,
        "wires": [
            [
                "32e975e11f026e3a"
            ]
        ],
        "info": "<h1>Enroll child in HCC</h1>"
    },
    {
        "id": "32e975e11f026e3a",
        "type": "summary",
        "z": "efb40176baf7f7da",
        "name": "Rapid test at age 24 months",
        "x": 2160,
        "y": 160,
        "wires": [
            [
                "aa4255dfc141e105"
            ]
        ],
        "info": "<h1>Rapid test at age 24 months</h1>"
    },
    {
        "id": "aa4255dfc141e105",
        "type": "case-end",
        "z": "efb40176baf7f7da",
        "name": "",
        "x": 2380,
        "y": 160,
        "wires": []
    },
    {
        "id": "27a13769faa55324",
        "type": "summary",
        "z": "efb40176baf7f7da",
        "name": "Enroll child in HCC",
        "x": 1090,
        "y": 200,
        "wires": [
            [
                "090084675a47846f"
            ]
        ],
        "info": "<h1>Enroll child in HCC</h1>"
    },
    {
        "id": "090084675a47846f",
        "type": "summary",
        "z": "efb40176baf7f7da",
        "name": "DNA-PCR as soon as possible",
        "x": 1350,
        "y": 200,
        "wires": [
            [
                "7d41ca46045ee621"
            ]
        ],
        "info": "<h1>DNA-PCR as soon as possible</h1>"
    },
    {
        "id": "7d41ca46045ee621",
        "type": "summary",
        "z": "efb40176baf7f7da",
        "name": "Rapid test at age 12 months",
        "x": 1640,
        "y": 200,
        "wires": [
            [
                "32e975e11f026e3a"
            ]
        ],
        "info": "<h1>Rapid test at age 12 months</h1>"
    },
    {
        "id": "3d12f1490d54f79c",
        "type": "switch-manual",
        "z": "efb40176baf7f7da",
        "name": "Child status",
        "property": "payload",
        "propertyType": "msg",
        "rules": [
            {
                "t": "eq",
                "v": "Child sick",
                "vt": "str"
            },
            {
                "t": "eq",
                "v": "Child healthy",
                "vt": "str"
            }
        ],
        "checkall": "true",
        "repair": false,
        "outputs": 2,
        "x": 410,
        "y": 340,
        "wires": [
            [
                "e02df7d74ecc91d7"
            ],
            [
                "d8f6977adafe7a61"
            ]
        ]
    },
    {
        "id": "e02df7d74ecc91d7",
        "type": "summary",
        "z": "efb40176baf7f7da",
        "name": "Rapid test (serial) for child",
        "x": 630,
        "y": 300,
        "wires": [
            [
                "76cb54bd8b675df2"
            ]
        ],
        "info": "<h1> Rapid test (serial) for child</h1>"
    },
    {
        "id": "76cb54bd8b675df2",
        "type": "switch-manual",
        "z": "efb40176baf7f7da",
        "name": "Child status",
        "property": "payload",
        "propertyType": "msg",
        "rules": [
            {
                "t": "eq",
                "v": "Child Positive",
                "vt": "str"
            },
            {
                "t": "eq",
                "v": "Child Negative",
                "vt": "str"
            }
        ],
        "checkall": "true",
        "repair": false,
        "outputs": 2,
        "x": 850,
        "y": 300,
        "wires": [
            [
                "2b8d105ed9132348"
            ],
            [
                "8b1c8ad088d479cd"
            ]
        ]
    },
    {
        "id": "2b8d105ed9132348",
        "type": "switch-manual",
        "z": "efb40176baf7f7da",
        "name": "Recent",
        "property": "payload",
        "propertyType": "msg",
        "rules": [
            {
                "t": "eq",
                "v": "Under 12 months",
                "vt": "str"
            },
            {
                "t": "eq",
                "v": "12 months +",
                "vt": "str"
            }
        ],
        "checkall": "true",
        "repair": false,
        "outputs": 2,
        "x": 1020,
        "y": 280,
        "wires": [
            [
                "b708d40ca9c8c78b"
            ],
            [
                "2e383199c450d035"
            ]
        ]
    },
    {
        "id": "b708d40ca9c8c78b",
        "type": "switch-manual",
        "z": "efb40176baf7f7da",
        "name": "PSHD",
        "property": "payload",
        "propertyType": "msg",
        "rules": [
            {
                "t": "eq",
                "v": "No signs for PSHD",
                "vt": "str"
            },
            {
                "t": "eq",
                "v": "Signs for PSHD",
                "vt": "str"
            }
        ],
        "checkall": "true",
        "repair": false,
        "outputs": 2,
        "x": 1170,
        "y": 260,
        "wires": [
            [
                "27a13769faa55324"
            ],
            [
                "2e383199c450d035"
            ]
        ]
    },
    {
        "id": "2e383199c450d035",
        "type": "summary",
        "z": "efb40176baf7f7da",
        "name": "Confirmatory DNA-PCR",
        "x": 1370,
        "y": 280,
        "wires": [
            [
                "b083521daa23ed0f"
            ]
        ],
        "info": "<h1>Confirmatory DNA-PCR</h1>"
    },
    {
        "id": "b083521daa23ed0f",
        "type": "summary",
        "z": "efb40176baf7f7da",
        "name": "Start ART without delay",
        "x": 1630,
        "y": 280,
        "wires": [
            [
                "4096854d9fc07cb5"
            ]
        ],
        "info": "<h1>Start ART without delay</h1>"
    },
    {
        "id": "4096854d9fc07cb5",
        "type": "summary",
        "z": "efb40176baf7f7da",
        "name": "No scheduled fup testing",
        "x": 1890,
        "y": 280,
        "wires": [
            [
                "bd23c446dc5e47a4"
            ]
        ],
        "info": "<h1>No scheduled fup testing</h1>"
    },
    {
        "id": "bd23c446dc5e47a4",
        "type": "case-end",
        "z": "efb40176baf7f7da",
        "name": "",
        "x": 2100,
        "y": 280,
        "wires": []
    },
    {
        "id": "8b1c8ad088d479cd",
        "type": "summary",
        "z": "efb40176baf7f7da",
        "name": "Investigate further",
        "x": 1050,
        "y": 340,
        "wires": [
            [
                "ec916ee52f9a142b"
            ]
        ],
        "info": "<h1>Investigate further</h1>"
    },
    {
        "id": "ec916ee52f9a142b",
        "type": "case-end",
        "z": "efb40176baf7f7da",
        "name": "",
        "x": 1240,
        "y": 340,
        "wires": []
    },
    {
        "id": "d8f6977adafe7a61",
        "type": "summary",
        "z": "efb40176baf7f7da",
        "name": "Continue regular U5 visit",
        "x": 630,
        "y": 400,
        "wires": [
            [
                "8f0d10d0129179d3"
            ]
        ],
        "info": "<h1>Continue regular U5 visit</h1>"
    },
    {
        "id": "8f0d10d0129179d3",
        "type": "case-end",
        "z": "efb40176baf7f7da",
        "name": "",
        "x": 840,
        "y": 400,
        "wires": []
    }
]