[
    {
        "id": "5d901e35.d089c",
        "type": "tab",
        "label": "OpenMRS RefApp Vitals",
        "disabled": false,
        "info": ""
    },
    {
        "id": "21283cd9.7a7004",
        "type": "patients-queue",
        "z": "5d901e35.d089c",
        "name": "Checked in Patients",
        "queueName": "all",
        "queueDateFilter": "",
        "label": "",
        "encounterType": "",
        "x": 230,
        "y": 80,
        "wires": [
            [
                "d9e76286.a465c"
            ]
        ]
    },
    {
        "id": "bbf0358e.d46228",
        "type": "end-flow",
        "z": "5d901e35.d089c",
        "name": "",
        "x": 660,
        "y": 400,
        "wires": []
    },
    {
        "id": "d9e76286.a465c",
        "type": "question-primitive",
        "z": "5d901e35.d089c",
        "name": "Height",
        "label": "",
        "scope": "encounter",
        "key": "",
        "datatype": "integer",
        "optional": "",
        "x": 230,
        "y": 120,
        "wires": [
            [
                "269c4889.efc128"
            ]
        ]
    },
    {
        "id": "269c4889.efc128",
        "type": "question-primitive",
        "z": "5d901e35.d089c",
        "name": "Weight",
        "label": "",
        "scope": "encounter",
        "key": "",
        "datatype": "integer",
        "optional": "",
        "x": 230,
        "y": 160,
        "wires": [
            [
                "c2659f0.a04e46"
            ]
        ]
    },
    {
        "id": "6944cfb4.74d44",
        "type": "question-primitive",
        "z": "5d901e35.d089c",
        "name": "MUAC",
        "label": "",
        "scope": "encounter",
        "key": "",
        "datatype": "integer",
        "optional": "",
        "x": 230,
        "y": 400,
        "wires": [
            [
                "bbf0358e.d46228"
            ]
        ]
    },
    {
        "id": "29f52933.7f1b06",
        "type": "function",
        "z": "5d901e35.d089c",
        "name": "Calc BMI",
        "func": "currentEncounter.bmi = \n  10000 *\n  Number(currentEncounter.Weight) /\n  (Number(currentEncounter.Height) * Number(currentEncounter.Height));",
        "outputs": 1,
        "noerr": 0,
        "x": 620,
        "y": 160,
        "wires": [
            [
                "60b50cb3.79b684"
            ]
        ]
    },
    {
        "id": "c2659f0.a04e46",
        "type": "switch",
        "z": "5d901e35.d089c",
        "name": "under 5?",
        "property": "payload",
        "propertyType": "msg",
        "rules": [
            {
                "t": "eq",
                "v": "no",
                "vt": "str"
            },
            {
                "t": "eq",
                "v": "yes",
                "vt": "str"
            }
        ],
        "checkall": "true",
        "repair": false,
        "outputs": 2,
        "x": 460,
        "y": 160,
        "wires": [
            [
                "29f52933.7f1b06"
            ],
            [
                "60b50cb3.79b684"
            ]
        ]
    },
    {
        "id": "956a92cf.98b4c",
        "type": "question-primitive",
        "z": "5d901e35.d089c",
        "name": "BP Systolic",
        "label": "",
        "scope": "encounter",
        "key": "",
        "datatype": "integer",
        "optional": "",
        "x": 250,
        "y": 320,
        "wires": [
            [
                "93e8b788.ba37d8"
            ]
        ]
    },
    {
        "id": "93e8b788.ba37d8",
        "type": "question-primitive",
        "z": "5d901e35.d089c",
        "name": "BP Diastolic",
        "label": "",
        "scope": "encounter",
        "key": "",
        "datatype": "integer",
        "optional": "",
        "x": 430,
        "y": 320,
        "wires": [
            [
                "72ce0f46.1223d"
            ]
        ]
    },
    {
        "id": "60b50cb3.79b684",
        "type": "question-primitive",
        "z": "5d901e35.d089c",
        "name": "Temperature",
        "label": "",
        "scope": "encounter",
        "key": "",
        "datatype": "integer",
        "optional": "",
        "x": 250,
        "y": 200,
        "wires": [
            [
                "fd6a8a17.abaeb8"
            ]
        ]
    },
    {
        "id": "fd6a8a17.abaeb8",
        "type": "question-primitive",
        "z": "5d901e35.d089c",
        "name": "Pulse",
        "label": "",
        "scope": "encounter",
        "key": "",
        "datatype": "integer",
        "optional": "",
        "x": 230,
        "y": 240,
        "wires": [
            [
                "784eb13e.53e"
            ]
        ]
    },
    {
        "id": "784eb13e.53e",
        "type": "question-primitive",
        "z": "5d901e35.d089c",
        "name": "Respiratory Rate",
        "label": "",
        "scope": "encounter",
        "key": "",
        "datatype": "integer",
        "optional": "",
        "x": 270,
        "y": 280,
        "wires": [
            [
                "956a92cf.98b4c"
            ]
        ]
    },
    {
        "id": "72ce0f46.1223d",
        "type": "question-primitive",
        "z": "5d901e35.d089c",
        "name": "Oxygen saturation",
        "label": "",
        "scope": "encounter",
        "key": "",
        "datatype": "integer",
        "optional": "",
        "x": 270,
        "y": 360,
        "wires": [
            [
                "133ee0a7.8a15ff"
            ]
        ]
    },
    {
        "id": "133ee0a7.8a15ff",
        "type": "switch",
        "z": "5d901e35.d089c",
        "name": "under 13?",
        "property": "payload",
        "propertyType": "msg",
        "rules": [
            {
                "t": "eq",
                "v": "no",
                "vt": "str"
            },
            {
                "t": "eq",
                "v": "yes",
                "vt": "str"
            }
        ],
        "checkall": "true",
        "repair": false,
        "outputs": 2,
        "x": 460,
        "y": 360,
        "wires": [
            [
                "bbf0358e.d46228"
            ],
            [
                "6944cfb4.74d44"
            ]
        ]
    },
    {
        "id": "ca17b30a.bbaf1",
        "type": "find-patient",
        "z": "5d901e35.d089c",
        "name": "",
        "includename": "",
        "includeidentifier": "",
        "program": "",
        "expression": "",
        "rowcontent": "",
        "x": 470,
        "y": 80,
        "wires": [
            [
                "d9e76286.a465c"
            ]
        ]
    }
]